{"root":[{"assemblyName":"PhotonRealtime","nameSpace":"Photon.Realtime","className":"ConnectionHandler","methodName":"StaticReset","loadTypes":4,"isUnityClass":false},{"assemblyName":"Unity.VisualScripting.Core","nameSpace":"Unity.VisualScripting","className":"Ensure","methodName":"OnRuntimeMethodLoad","loadTypes":1,"isUnityClass":true},{"assemblyName":"Unity.VisualScripting.Core","nameSpace":"Unity.VisualScripting","className":"OptimizedReflection","methodName":"OnRuntimeMethodLoad","loadTypes":1,"isUnityClass":true},{"assemblyName":"Unity.VisualScripting.Core","nameSpace":"Unity.VisualScripting","className":"UnityThread","methodName":"RuntimeInitialize","loadTypes":1,"isUnityClass":true},{"assemblyName":"Unity.VisualScripting.Core","nameSpace":"Unity.VisualScripting","className":"Recursion","methodName":"OnRuntimeMethodLoad","loadTypes":1,"isUnityClass":true},{"assemblyName":"Unity.VisualScripting.Core","nameSpace":"Unity.VisualScripting","className":"ReferenceCollector","methodName":"Initialize","loadTypes":1,"isUnityClass":true},{"assemblyName":"Unity.VisualScripting.Core","nameSpace":"Unity.VisualScripting","className":"ApplicationVariables","methodName":"OnEnterPlayMode","loadTypes":1,"isUnityClass":true},{"assemblyName":"Unity.VisualScripting.Core","nameSpace":"Unity.VisualScripting","className":"SavedVariables","methodName":"OnEnterPlayMode","loadTypes":1,"isUnityClass":true},{"assemblyName":"Unity.XR.Management","nameSpace":"UnityEngine.XR.Management","className":"XRGeneralSettings","methodName":"AttemptInitializeXRSDKOnLoad","loadTypes":2,"isUnityClass":true},{"assemblyName":"Unity.XR.Management","nameSpace":"UnityEngine.XR.Management","className":"XRGeneralSettings","methodName":"AttemptStartXRSDKOnBeforeSplashScreen","loadTypes":3,"isUnityClass":true}]}
